{
	"InputData": "C:\Users\galbu\Downloads\fastapproximatematch\fastapproximatematch\ConfigurationDataExamples\\DebugSet\\SeqsToSearch_Big.txt",
	"McsFilePath": "C:\Users\galbu\Downloads\fastapproximatematch\fastapproximatematch\ConfigurationDataExamples\\DebugSet\\mcs4.txt",
	"SequencesToSearch": "C:\Users\galbu\Downloads\fastapproximatematch\fastapproximatematch\ConfigurationDataExamples\\DebugSet\\SeqsToSearch.txt",
	"OutputResultDirectory": "C:\Users\galbu\Downloads\fastapproximatematch\fastapproximatematch\ConfigurationDataExamples\\DebugSet\\Results",
	"LogDirectory": "C:\Users\galbu\Downloads\fastapproximatematch\fastapproximatematch\ConfigurationDataExamples\\DebugSet\\Logs",
	"NumOfThreads": 8,
	"SizeOfSeed": 20,
	"NumOfAllowedMismatches": 8,
	"PcnLevels": 2,
	"FormBufferSize": 10,
	"SequencesPerChunk": 100000,
	"Alphabet": "ARNDCEQGHILKMFPSTWYV",
	"ComplexityThreshold": 0.333
}